iDR5_Field_Name,Field,PID,NAME,RA,DEC,RA_d,DEC_d,Reduction,Photometry,Ref_mag_inst
HYDRA-0011,HYDRA-0011,HYDRA,HYDRA_0011,10:03:05,-23:54:31,150.7708333,-23.90861111,JYPE,all,dual
HYDRA-0021,HYDRA-0021,HYDRA,HYDRA_0021,10:04:41,-25:18:01,151.1708333,-25.30027778,JYPE,all,dual
HYDRA-0031,HYDRA-0031,HYDRA,HYDRA_0031,10:06:19,-26:41:23,151.5791667,-26.68972222,JYPE,all,dual
HYDRA-0035,HYDRA-0035,HYDRA,HYDRA_0035,10:31:35,-26:41:23,157.8958333,-26.68972222,JYPE,all,dual
HYDRA-0036,HYDRA-0036,HYDRA,HYDRA_0036,10:37:54,-26:41:23,159.475,-26.68972222,JYPE,all,dual
HYDRA-0037,HYDRA-0037,HYDRA,HYDRA_0037,10:44:13,-26:41:23,161.0541667,-26.68972222,JYPE,all,dual
HYDRA-0039,HYDRA-0039,HYDRA,HYDRA_0039,10:56:51,-26:41:23,164.2125,-26.68972222,JYPE,all,dual
HYDRA-0041,HYDRA-0041,HYDRA,HYDRA_0041,10:11:41,-28:04:38,152.9208333,-28.07722222,JYPE,all,dual
HYDRA-0044,HYDRA-0044,HYDRA,HYDRA_0044,10:30:48,-28:04:38,157.7,-28.07722222,JYPE,all,dual
HYDRA-0045,HYDRA-0045,HYDRA,HYDRA_0045,10:37:10,-28:04:38,159.2916667,-28.07722222,JYPE,all,dual
HYDRA-0048,HYDRA-0048,HYDRA,HYDRA_0048,10:56:17,-28:04:38,164.0708333,-28.07722222,JYPE,all,dual
HYDRA-0050,HYDRA-0050,HYDRA,HYDRA_0050,10:07:00,-29:27:47,151.75,-29.46305556,JYPE,all,dual
HYDRA-0052,HYDRA-0052,HYDRA,HYDRA_0052,10:19:55,-29:27:47,154.9791667,-29.46305556,JYPE,all,dual
HYDRA-0053,HYDRA-0053,HYDRA,HYDRA_0053,10:26:22,-29:27:47,156.5916667,-29.46305556,JYPE,all,dual
HYDRA-0055,HYDRA-0055,HYDRA,HYDRA_0055,10:39:17,-29:27:47,159.8208333,-29.46305556,JYPE,all,dual
HYDRA-0056,HYDRA-0056,HYDRA,HYDRA_0056,10:45:44,-29:27:47,161.4333333,-29.46305556,JYPE,all,dual
HYDRA-0061,HYDRA-0061,HYDRA,HYDRA_0061,10:15:16,-30:50:50,153.8166667,-30.84722222,JYPE,all,dual
HYDRA-0062,HYDRA-0062,HYDRA,HYDRA_0062,10:21:49,-30:50:50,155.4541667,-30.84722222,JYPE,all,dual
HYDRA-0064,HYDRA-0064,HYDRA,HYDRA_0064,10:34:55,-30:50:50,158.7291667,-30.84722222,JYPE,all,dual
HYDRA-0069,HYDRA-0069,HYDRA,HYDRA_0069,10:10:30,-32:13:45,152.625,-32.22916667,JYPE,all,dual
HYDRA-0070,HYDRA-0070,HYDRA,HYDRA_0070,10:17:09,-32:13:45,154.2875,-32.22916667,JYPE,all,dual
HYDRA-0075,HYDRA-0075,HYDRA,HYDRA_0075,10:50:19,-32:13:45,162.5791667,-32.22916667,JYPE,all,dual
HYDRA-0077,HYDRA-0077,HYDRA,HYDRA_0077,10:01:41,-33:36:33,150.4208333,-33.60916667,JYPE,all,dual
HYDRA-0084,HYDRA-0084,HYDRA,HYDRA_0084,10:49:01,-33:36:33,162.2541667,-33.60916667,JYPE,all,dual
HYDRA-0085,HYDRA-0085,HYDRA,HYDRA_0085,10:55:46,-33:36:33,163.9416667,-33.60916667,JYPE,all,dual
HYDRA-0086,HYDRA-0086,HYDRA,HYDRA_0086,10:03:26,-34:59:12,150.8583333,-34.98666667,JYPE,all,dual
HYDRA-0093,HYDRA-0093,HYDRA,HYDRA_0093,10:51:26,-34:59:12,162.8583333,-34.98666667,JYPE,all,dual
HYDRA-0095,HYDRA-0095,HYDRA,HYDRA_0095,10:05:13,-36:21:45,151.3041667,-36.3625,JYPE,all,dual
HYDRA-0096,HYDRA-0096,HYDRA,HYDRA_0096,10:12:10,-36:21:45,153.0416667,-36.3625,JYPE,all,dual
HYDRA-0102,HYDRA-0102,HYDRA,HYDRA_0102,10:53:55,-36:21:45,163.4791667,-36.3625,JYPE,all,dual
HYDRA-0103,HYDRA-0103,HYDRA,HYDRA_0103,10:02:57,-37:44:10,150.7375,-37.73611111,JYPE,all,dual
HYDRA-0104,HYDRA-0104,HYDRA,HYDRA_0104,10:10:03,-37:44:10,152.5125,-37.73611111,JYPE,all,dual
HYDRA-0111,HYDRA-0111,HYDRA,HYDRA_0111,10:59:42,-37:44:10,164.925,-37.73611111,JYPE,all,dual
HYDRA-0112,HYDRA-0112,HYDRA,HYDRA_0112,10:00:36,-39:06:26,150.15,-39.10722222,JYPE,all,dual
HYDRA-0120,HYDRA-0120,HYDRA,HYDRA_0120,10:58:30,-39:06:26,164.625,-39.10722222,JYPE,all,dual
HYDRA-0121,HYDRA-0121,HYDRA,HYDRA_0121,10:05:32,-40:28:34,151.3833333,-40.47611111,JYPE,all,dual
HYDRA-0129,HYDRA-0129,HYDRA,HYDRA_0129,10:03:08,-41:50:32,150.7833333,-41.84222222,JYPE,all,dual
HYDRA-0136,HYDRA-0136,HYDRA,HYDRA_0136,10:55:55,-41:50:32,163.9791667,-41.84222222,JYPE,all,dual
HYDRA-0137,HYDRA-0137,HYDRA,HYDRA_0137,10:00:39,-43:12:21,150.1625,-43.20583333,JYPE,all,dual
HYDRA-D-0001,HYDRA-D-0001,HYDRA_D,HYDRA_D_0001,10:33:25,-34:38:06,158.3541667,-34.64,JYPE,all,dual
HYDRA-D-0002,HYDRA-D-0002,HYDRA_D,HYDRA_D_0002,10:26:43,-34:37:55,156.6791667,-34.63,JYPE,all,dual
HYDRA-D-0003,HYDRA-D-0003,HYDRA_D,HYDRA_D_0003,10:33:28,-36:00:19,158.3666667,-36.01,JYPE,all,dual
HYDRA-D-0004,HYDRA-D-0004,HYDRA_D,HYDRA_D_0004,10:26:40,-36:00:29,156.6666667,-36.00805556,JYPE,all,dual
MC0001,MC0001,MC,MC0001,4:30:46,-63:16:04,67.69166667,-63.26777778,JYPE,all,psf
MC0003,MC0003,MC,MC0003,4:55:23,-63:16:04,73.84583333,-63.26777778,JYPE,all,psf
MC0004,MC0004,MC,MC0004,5:07:42,-63:16:04,76.925,-63.26777778,JYPE,psf,psf
MC0005,MC0005,MC,MC0005,5:20:00,-63:16:04,80.0,-63.26777778,JYPE,psf,psf
MC0006,MC0006,MC,MC0006,5:32:18,-63:16:04,83.075,-63.26777778,JYPE,psf,psf
MC0007,MC0007,MC,MC0007,5:44:37,-63:16:04,86.15416667,-63.26777778,JYPE,psf,psf
MC0008,MC0008,MC,MC0008,5:56:55,-63:16:04,89.22916667,-63.26777778,JYPE,psf,psf
MC0009,MC0009,MC,MC0009,6:09:14,-63:16:04,92.30833333,-63.26777778,JYPE,all,psf
MC0010,MC0010,MC,MC0010,6:21:32,-63:16:04,95.38333333,-63.26777778,JYPE,all,psf
MC0011,MC0011,MC,MC0011,4:30:00,-64:34:07,67.5,-64.56861111,JYPE,all,psf
MC0012,MC0012,MC,MC0012,4:42:51,-64:34:07,70.7125,-64.56861111,JYPE,all,psf
MC0013,MC0013,MC,MC0013,4:55:43,-64:34:07,73.92916667,-64.56861111,JYPE,psf,psf
MC0014,MC0014,MC,MC0014,5:08:34,-64:34:07,77.14166667,-64.56861111,JYPE,psf,psf
MC0015,MC0015,MC,MC0015,5:21:26,-64:34:07,80.35833333,-64.56861111,JYPE,psf,psf
MC0016,MC0016,MC,MC0016,5:34:17,-64:34:07,83.57083333,-64.56861111,JYPE,psf,psf
MC0017,MC0017,MC,MC0017,5:47:09,-64:34:07,86.7875,-64.56861111,JYPE,psf,psf
MC0018,MC0018,MC,MC0018,6:00:00,-64:34:07,90.0,-64.56861111,JYPE,psf,psf
MC0019,MC0019,MC,MC0019,6:12:51,-64:34:07,93.2125,-64.56861111,JYPE,all,psf
MC0020,MC0020,MC,MC0020,6:25:43,-64:34:07,96.42916667,-64.56861111,JYPE,all,psf
MC0021,MC0021,MC,MC0021,4:42:37,-65:51:48,70.65416667,-65.86333333,JYPE,psf,psf
MC0022,MC0022,MC,MC0022,4:56:04,-65:51:48,74.01666667,-65.86333333,JYPE,psf,psf
MC0023,MC0023,MC,MC0023,5:09:32,-65:51:48,77.38333333,-65.86333333,JYPE,psf,psf
MC0024,MC0024,MC,MC0024,5:22:59,-65:51:48,80.74583333,-65.86333333,JYPE,psf,psf
MC0025,MC0025,MC,MC0025,5:36:27,-65:51:48,84.1125,-65.86333333,JYPE,psf,psf
MC0026,MC0026,MC,MC0026,5:49:54,-65:51:48,87.475,-65.86333333,JYPE,psf,psf
MC0027,MC0027,MC,MC0027,6:03:22,-65:51:48,90.84166667,-65.86333333,JYPE,psf,psf
MC0029,MC0029,MC,MC0029,4:42:21,-67:09:05,70.5875,-67.15138889,JYPE,psf,psf
MC0030,MC0030,MC,MC0030,4:56:28,-67:09:05,74.11666667,-67.15138889,JYPE,psf,psf
MC0032,MC0032,MC,MC0032,5:24:42,-67:09:05,81.175,-67.15138889,JYPE,psf,psf
MC0033,MC0033,MC,MC0033,5:38:49,-67:09:05,84.70416667,-67.15138889,JYPE,psf,psf
MC0034,MC0034,MC,MC0034,5:52:56,-67:09:05,88.23333333,-67.15138889,JYPE,psf,psf
MC0035,MC0035,MC,MC0035,6:07:04,-67:09:05,91.76666667,-67.15138889,JYPE,psf,psf
MC0036,MC0036,MC,MC0036,6:21:11,-67:09:05,95.29583333,-67.15138889,JYPE,all,psf
MC0038,MC0038,MC,MC0038,4:56:54,-68:25:56,74.225,-68.43222222,JYPE,psf,psf
MC0041,MC0041,MC,MC0041,5:41:27,-68:25:56,85.3625,-68.43222222,JYPE,psf,psf
MC0042,MC0042,MC,MC0042,5:56:17,-68:25:56,89.07083333,-68.43222222,JYPE,psf,psf
MC0043,MC0043,MC,MC0043,6:11:08,-68:25:56,92.78333333,-68.43222222,JYPE,psf,psf
MC0044,MC0044,MC,MC0044,6:25:59,-68:25:56,96.49583333,-68.43222222,JYPE,all,psf
MC0049,MC0049,MC,MC0049,1:19:07,-69:42:20,19.77916667,-69.70555556,JYPE,all,psf
MC0050,MC0050,MC,MC0050,1:34:57,-69:42:20,23.7375,-69.70555556,JYPE,all,psf
MC0052,MC0052,MC,MC0052,2:06:36,-69:42:20,31.65,-69.70555556,JYPE,all,psf
MC0060,MC0060,MC,MC0060,4:13:11,-69:42:20,63.29583333,-69.70555556,JYPE,all,psf
MC0061,MC0061,MC,MC0061,4:29:01,-69:42:20,67.25416667,-69.70555556,JYPE,all,psf
MC0063,MC0063,MC,MC0063,5:00:40,-69:42:20,75.16666667,-69.70555556,JYPE,psf,psf
MC0067,MC0067,MC,MC0067,6:03:57,-69:42:20,90.9875,-69.70555556,JYPE,psf,psf
MC0085,MC0085,MC,MC0085,4:44:39,-70:58:02,71.1625,-70.96722222,JYPE,psf,psf
MC0086,MC0086,MC,MC0086,5:01:24,-70:58:02,75.35,-70.96722222,JYPE,psf,psf
MC0087,MC0087,MC,MC0087,5:18:08,-70:58:02,79.53333333,-70.96722222,JYPE,psf,psf
MC0088,MC0088,MC,MC0088,5:34:53,-70:58:02,83.72083333,-70.96722222,JYPE,psf,psf
MC0089,MC0089,MC,MC0089,5:51:38,-70:58:02,87.90833333,-70.96722222,JYPE,psf,psf
MC0090,MC0090,MC,MC0090,6:08:22,-70:58:02,92.09166667,-70.96722222,JYPE,psf,psf
MC0091,MC0091,MC,MC0091,6:25:07,-70:58:02,96.27916667,-70.96722222,JYPE,all,psf
MC0095,MC0095,MC,MC0095,1:11:07,-72:13:10,17.77916667,-72.21944444,JYPE,psf,psf
MC0109,MC0109,MC,MC0109,5:20:00,-72:13:10,80.0,-72.21944444,JYPE,psf,psf
MC0110,MC0110,MC,MC0110,5:37:47,-72:13:10,84.44583333,-72.21944444,JYPE,psf,psf
MC0111,MC0111,MC,MC0111,5:55:33,-72:13:10,88.8875,-72.21944444,JYPE,psf,psf
MC0112,MC0112,MC,MC0112,6:13:20,-72:13:10,93.33333333,-72.21944444,JYPE,psf,psf
MC0130,MC0130,MC,MC0130,5:41:03,-73:27:42,85.2625,-73.46166667,JYPE,psf,psf
MC0131,MC0131,MC,MC0131,6:00:00,-73:27:42,90.0,-73.46166667,JYPE,psf,psf
MC0132,MC0132,MC,MC0132,6:18:57,-73:27:42,94.7375,-73.46166667,JYPE,all,psf
MC0149,MC0149,MC,MC0149,5:49:43,-74:41:33,87.42916667,-74.6925,JYPE,psf,psf
MC0150,MC0150,MC,MC0150,6:10:17,-74:41:33,92.57083333,-74.6925,JYPE,all,psf
SPLUS-d023,SPLUS-d023,SPLUS,SPLUS-d023,7:04:33,-9:54:05,106.1375,-9.901388889,JYPE,psf,psf
SPLUS-d024,SPLUS-d024,SPLUS,SPLUS-d024,7:10:17,-9:54:05,107.5708333,-9.901388889,JYPE,psf,psf
SPLUS-d025,SPLUS-d025,SPLUS,SPLUS-d025,7:16:01,-9:54:05,109.0041667,-9.901388889,JYPE,psf,psf
SPLUS-d050,SPLUS-d050,SPLUS,SPLUS-d050,7:03:52,-12:42:58,105.9666667,-12.71611111,JYPE,psf,psf
SPLUS-d058,SPLUS-d058,SPLUS,SPLUS-d058,6:18:57,-14:07:15,94.7375,-14.12083333,JYPE,psf,psf
SPLUS-d073,SPLUS-d073,SPLUS,SPLUS-d073,6:20:29,-15:31:27,95.12083333,-15.52416667,JYPE,psf,psf
SPLUS-d090,SPLUS-d090,SPLUS,SPLUS-d090,6:29:30,-16:55:33,97.375,-16.92583333,JYPE,psf,psf
SPLUS-d261,SPLUS-d261,SPLUS,SPLUS-d261,8:10:55,-30:50:50,122.7291667,-30.84722222,JYPE,psf,psf
SPLUS-d282,SPLUS-d282,SPLUS,SPLUS-d282,6:59:09,-33:36:33,104.7875,-33.60916667,JYPE,psf,psf
SPLUS-d283,SPLUS-d283,SPLUS,SPLUS-d283,7:05:55,-33:36:33,106.4791667,-33.60916667,JYPE,psf,psf
SPLUS-d522,SPLUS-d522,SPLUS,SPLUS-d522,8:50:32,-59:19:43,132.6333333,-59.32861111,JYPE,psf,psf
SPLUS-n13s35,SPLUS-n13s35,SPLUS,SPLUS-n13s35,13:13:08,-16:13:11,198.2833333,-16.21972222,JYPE,all,dual
SPLUS-n18s17,SPLUS-n18s17,SPLUS,SPLUS-n18s17,11:36:35,-22:55:02,174.1458333,-22.91722222,JYPE,all,dual
SPLUS-n19s07,SPLUS-n19s07,SPLUS,SPLUS-n19s07,11:35:24,-24:15:13,173.85,-24.25361111,JYPE,all,dual
SPLUS-s19s22,SPLUS-s19s22,SPLUS,SPLUS-s19s22,21:02:13,-24:15:08,315.5541667,-24.25222222,JYPE,all,dual
SPLUS-s22s22,SPLUS-s22s22,SPLUS,SPLUS-s22s22,21:08:26,-28:14:50,317.1083333,-28.24722222,JYPE,all,dual
SPLUS-s22s23,SPLUS-s22s23,SPLUS,SPLUS-s22s23,21:14:33,-28:14:50,318.6375,-28.24722222,JYPE,all,dual
SPLUS-s23s01,SPLUS-s23s01,SPLUS,SPLUS-s23s01,0:00:04,-29:34:33,0.01666666667,-29.57583333,JYPE,all,dual
SPLUS-s23s04,SPLUS-s23s04,SPLUS,SPLUS-s23s04,0:18:37,-29:34:33,4.654166667,-29.57583333,JYPE,all,dual
SPLUS-s23s43,SPLUS-s23s43,SPLUS,SPLUS-s23s43,23:16:33,-29:34:33,349.1375,-29.57583333,JYPE,all,dual
SPLUS-s24s01,SPLUS-s24s01,SPLUS,SPLUS-s24s01,0:00:04,-30:54:08,0.01666666667,-30.90222222,JYPE,all,dual
SPLUS-s24s08,SPLUS-s24s08,SPLUS,SPLUS-s24s08,0:44:01,-30:54:08,11.00416667,-30.90222222,JYPE,all,dual
SPLUS-s24s16,SPLUS-s24s16,SPLUS,SPLUS-s24s16,1:34:19,-30:54:08,23.57916667,-30.90222222,JYPE,all,dual
SPLUS-s24s19,SPLUS-s24s19,SPLUS,SPLUS-s24s19,1:53:11,-30:54:08,28.29583333,-30.90222222,JYPE,all,dual
SPLUS-s24s21,SPLUS-s24s21,SPLUS,SPLUS-s24s21,2:05:46,-30:54:08,31.44166667,-30.90222222,JYPE,all,dual
SPLUS-s24s24,SPLUS-s24s24,SPLUS,SPLUS-s24s24,2:24:38,-30:54:08,36.15833333,-30.90222222,JYPE,all,dual
SPLUS-s24s26,SPLUS-s24s26,SPLUS,SPLUS-s24s26,2:37:12,-30:54:08,39.3,-30.90222222,JYPE,all,dual
SPLUS-s24s27,SPLUS-s24s27,SPLUS,SPLUS-s24s27,2:43:30,-30:54:08,40.875,-30.90222222,JYPE,all,dual
SPLUS-s24s28,SPLUS-s24s28,SPLUS,SPLUS-s24s28,2:49:47,-30:54:08,42.44583333,-30.90222222,JYPE,all,dual
SPLUS-s24s29,SPLUS-s24s29,SPLUS,SPLUS-s24s29,2:56:04,-30:54:08,44.01666667,-30.90222222,JYPE,all,dual
SPLUS-s24s31,SPLUS-s24s31,SPLUS,SPLUS-s24s31,3:08:39,-30:54:08,47.1625,-30.90222222,JYPE,all,dual
SPLUS-s24s34,SPLUS-s24s34,SPLUS,SPLUS-s24s34,3:27:31,-30:54:08,51.87916667,-30.90222222,JYPE,all,dual
SPLUS-s24s36,SPLUS-s24s36,SPLUS,SPLUS-s24s36,3:40:05,-30:54:08,55.02083333,-30.90222222,JYPE,all,dual
SPLUS-s24s37,SPLUS-s24s37,SPLUS,SPLUS-s24s37,3:46:23,-30:54:08,56.59583333,-30.90222222,JYPE,all,dual
SPLUS-s24s38,SPLUS-s24s38,SPLUS,SPLUS-s24s38,3:52:40,-30:54:08,58.16666667,-30.90222222,JYPE,all,dual
SPLUS-s24s39,SPLUS-s24s39,SPLUS,SPLUS-s24s39,3:58:57,-30:54:08,59.7375,-30.90222222,JYPE,all,dual
SPLUS-s24s40,SPLUS-s24s40,SPLUS,SPLUS-s24s40,4:05:14,-30:54:08,61.30833333,-30.90222222,JYPE,all,dual
SPLUS-s24s41,SPLUS-s24s41,SPLUS,SPLUS-s24s41,4:11:32,-30:54:08,62.88333333,-30.90222222,JYPE,all,dual
SPLUS-s24s42,SPLUS-s24s42,SPLUS,SPLUS-s24s42,4:17:49,-30:54:08,64.45416667,-30.90222222,JYPE,all,dual
SPLUS-s24s44,SPLUS-s24s44,SPLUS,SPLUS-s24s44,4:30:24,-30:54:08,67.6,-30.90222222,JYPE,all,dual
SPLUS-s24s45,SPLUS-s24s45,SPLUS,SPLUS-s24s45,4:36:41,-30:54:08,69.17083333,-30.90222222,JYPE,all,dual
SPLUS-s24s46,SPLUS-s24s46,SPLUS,SPLUS-s24s46,4:42:58,-30:54:08,70.74166667,-30.90222222,JYPE,all,dual
SPLUS-s24s47,SPLUS-s24s47,SPLUS,SPLUS-s24s47,4:49:15,-30:54:08,72.3125,-30.90222222,JYPE,all,dual
SPLUS-s24s58,SPLUS-s24s58,SPLUS,SPLUS-s24s58,22:00:31,-30:54:08,330.1291667,-30.90222222,JYPE,all,dual
SPLUS-s24s74,SPLUS-s24s74,SPLUS,SPLUS-s24s74,23:41:08,-30:54:08,355.2833333,-30.90222222,JYPE,all,dual
SPLUS-s24s75,SPLUS-s24s75,SPLUS,SPLUS-s24s75,23:47:25,-30:54:08,356.8541667,-30.90222222,JYPE,all,dual
SPLUS-s24s76,SPLUS-s24s76,SPLUS,SPLUS-s24s76,23:53:43,-30:54:08,358.4291667,-30.90222222,JYPE,all,dual
SPLUS-s25s21,SPLUS-s25s21,SPLUS,SPLUS-s25s21,2:07:26,-32:13:38,31.85833333,-32.22722222,JYPE,all,dual
SPLUS-s25s23,SPLUS-s25s23,SPLUS,SPLUS-s25s23,2:20:11,-32:13:38,35.04583333,-32.22722222,JYPE,all,dual
SPLUS-s25s24,SPLUS-s25s24,SPLUS,SPLUS-s25s24,2:26:33,-32:13:38,36.6375,-32.22722222,JYPE,all,dual
SPLUS-s25s26,SPLUS-s25s26,SPLUS,SPLUS-s25s26,2:39:18,-32:13:38,39.825,-32.22722222,JYPE,all,dual
SPLUS-s25s27,SPLUS-s25s27,SPLUS,SPLUS-s25s27,2:45:40,-32:13:38,41.41666667,-32.22722222,JYPE,all,dual
SPLUS-s25s28,SPLUS-s25s28,SPLUS,SPLUS-s25s28,2:52:02,-32:13:38,43.00833333,-32.22722222,JYPE,all,dual
SPLUS-s25s29,SPLUS-s25s29,SPLUS,SPLUS-s25s29,2:58:24,-32:13:38,44.6,-32.22722222,JYPE,all,dual
SPLUS-s25s34,SPLUS-s25s34,SPLUS,SPLUS-s25s34,3:30:16,-32:13:38,52.56666667,-32.22722222,JYPE,all,dual
SPLUS-s25s36,SPLUS-s25s36,SPLUS,SPLUS-s25s36,3:43:01,-32:13:38,55.75416667,-32.22722222,JYPE,all,dual
SPLUS-s25s37,SPLUS-s25s37,SPLUS,SPLUS-s25s37,3:49:23,-32:13:38,57.34583333,-32.22722222,JYPE,all,dual
SPLUS-s25s38,SPLUS-s25s38,SPLUS,SPLUS-s25s38,3:55:45,-32:13:38,58.9375,-32.22722222,JYPE,all,dual
SPLUS-s25s39,SPLUS-s25s39,SPLUS,SPLUS-s25s39,4:02:07,-32:13:38,60.52916667,-32.22722222,JYPE,all,dual
SPLUS-s25s40,SPLUS-s25s40,SPLUS,SPLUS-s25s40,4:08:30,-32:13:38,62.125,-32.22722222,JYPE,all,dual
SPLUS-s25s41,SPLUS-s25s41,SPLUS,SPLUS-s25s41,4:14:52,-32:13:38,63.71666667,-32.22722222,JYPE,all,dual
SPLUS-s25s42,SPLUS-s25s42,SPLUS,SPLUS-s25s42,4:21:14,-32:13:38,65.30833333,-32.22722222,JYPE,all,dual
SPLUS-s25s43,SPLUS-s25s43,SPLUS,SPLUS-s25s43,4:27:37,-32:13:38,66.90416667,-32.22722222,JYPE,all,dual
SPLUS-s25s46,SPLUS-s25s46,SPLUS,SPLUS-s25s46,4:46:44,-32:13:38,71.68333333,-32.22722222,JYPE,all,dual
SPLUS-s25s47,SPLUS-s25s47,SPLUS,SPLUS-s25s47,4:53:06,-32:13:38,73.275,-32.22722222,JYPE,all,dual
SPLUS-s25s48,SPLUS-s25s48,SPLUS,SPLUS-s25s48,4:59:28,-32:13:38,74.86666667,-32.22722222,JYPE,all,dual
SPLUS-s25s51,SPLUS-s25s51,SPLUS,SPLUS-s25s51,21:14:20,-32:13:38,318.5833333,-32.22722222,JYPE,all,dual
SPLUS-s26s24,SPLUS-s26s24,SPLUS,SPLUS-s26s24,2:28:31,-33:33:01,37.12916667,-33.55027778,JYPE,all,dual
SPLUS-s26s26,SPLUS-s26s26,SPLUS,SPLUS-s26s26,2:41:26,-33:33:01,40.35833333,-33.55027778,JYPE,all,dual
SPLUS-s26s37,SPLUS-s26s37,SPLUS,SPLUS-s26s37,3:52:28,-33:33:01,58.11666667,-33.55027778,JYPE,all,dual
SPLUS-s26s39,SPLUS-s26s39,SPLUS,SPLUS-s26s39,4:05:23,-33:33:01,61.34583333,-33.55027778,JYPE,all,dual
SPLUS-s26s47,SPLUS-s26s47,SPLUS,SPLUS-s26s47,4:57:02,-33:33:01,74.25833333,-33.55027778,JYPE,all,dual
SPLUS-s27s45,SPLUS-s27s45,SPLUS,SPLUS-s27s45,4:49:19,-34:52:18,72.32916667,-34.87166667,JYPE,all,dual
SPLUS-s27s46,SPLUS-s27s46,SPLUS,SPLUS-s27s46,4:55:53,-34:52:18,73.97083333,-34.87166667,JYPE,all,dual
SPLUS-s28s46,SPLUS-s28s46,SPLUS,SPLUS-s28s46,5:00:00,-36:11:28,75.0,-36.19111111,JYPE,all,dual
SPLUS-s28s47,SPLUS-s28s47,SPLUS,SPLUS-s28s47,21:00:00,-36:11:28,315.0,-36.19111111,JYPE,all,dual
SPLUS-s29s45,SPLUS-s29s45,SPLUS,SPLUS-s29s45,4:58:52,-37:30:31,74.71666667,-37.50861111,JYPE,all,dual
SPLUS-s31s58,SPLUS-s31s58,SPLUS,SPLUS-s31s58,22:42:44,-40:08:16,340.6833333,-40.13777778,JYPE,all,dual
SPLUS-s32s42,SPLUS-s32s42,SPLUS,SPLUS-s32s42,4:53:44,-41:26:57,73.43333333,-41.44916667,JYPE,all,dual
SPLUS-s33s42,SPLUS-s33s42,SPLUS,SPLUS-s33s42,4:59:42,-42:45:30,74.925,-42.75833333,JYPE,all,dual
SPLUS-s34s41,SPLUS-s34s41,SPLUS,SPLUS-s34s41,4:58:27,-44:03:55,74.6125,-44.06527778,JYPE,all,dual
SPLUS-s42s34,SPLUS-s42s34,SPLUS,SPLUS-s42s34,21:05:44,-54:25:34,316.4333333,-54.42611111,JYPE,all,dual
STRIPE82-0003,STRIPE82-0003,STRIPE82,STRIPE82_0003,0:05:40,-0:42:00,1.416666667,-0.7,JYPE,all,dual
STRIPE82-0004,STRIPE82-0004,STRIPE82,STRIPE82_0004,0:05:40,+00:42:00,1.416666667,0.7,JYPE,all,dual
STRIPE82-0005,STRIPE82-0005,STRIPE82,STRIPE82_0005,0:11:20,-0:42:00,2.833333333,-0.7,JYPE,all,dual
STRIPE82-0006,STRIPE82-0006,STRIPE82,STRIPE82_0006,0:11:20,+00:42:00,2.833333333,0.7,JYPE,all,dual
STRIPE82-0007,STRIPE82-0007,STRIPE82,STRIPE82_0007,0:17:00,-0:42:00,4.25,-0.7,JYPE,all,dual
STRIPE82-0009,STRIPE82-0009,STRIPE82,STRIPE82_0009,0:22:41,-0:42:00,5.670833333,-0.7,JYPE,all,dual
STRIPE82-0013,STRIPE82-0013,STRIPE82,STRIPE82_0013,0:34:01,-0:42:00,8.504166667,-0.7,JYPE,all,dual
STRIPE82-0015,STRIPE82-0015,STRIPE82,STRIPE82_0015,0:39:41,-0:42:00,9.920833333,-0.7,JYPE,all,dual
STRIPE82-0019,STRIPE82-0019,STRIPE82,STRIPE82_0019,0:51:01,-0:42:00,12.75416667,-0.7,JYPE,all,dual
STRIPE82-0021,STRIPE82-0021,STRIPE82,STRIPE82_0021,0:56:42,-0:42:00,14.175,-0.7,JYPE,all,dual
STRIPE82-0022,STRIPE82-0022,STRIPE82,STRIPE82_0022,0:56:42,+00:42:00,14.175,0.7,JYPE,all,dual
STRIPE82-0023,STRIPE82-0023,STRIPE82,STRIPE82_0023,1:02:22,-0:42:00,15.59166667,-0.7,JYPE,all,dual
STRIPE82-0024,STRIPE82-0024,STRIPE82,STRIPE82_0024,1:02:22,+00:42:00,15.59166667,0.7,JYPE,all,dual
STRIPE82-0027,STRIPE82-0027,STRIPE82,STRIPE82_0027,1:13:42,-0:42:00,18.425,-0.7,JYPE,all,dual
STRIPE82-0028,STRIPE82-0028,STRIPE82,STRIPE82_0028,1:13:42,+00:42:00,18.425,0.7,JYPE,all,dual
STRIPE82-0030,STRIPE82-0030,STRIPE82,STRIPE82_0030,1:19:22,+00:42:00,19.84166667,0.7,JYPE,all,dual
STRIPE82-0031,STRIPE82-0031,STRIPE82,STRIPE82_0031,1:25:02,-0:42:00,21.25833333,-0.7,JYPE,all,dual
STRIPE82-0033,STRIPE82-0033,STRIPE82,STRIPE82_0033,1:30:43,-0:42:00,22.67916667,-0.7,JYPE,all,dual
STRIPE82-0034,STRIPE82-0034,STRIPE82,STRIPE82_0034,1:30:43,+00:42:00,22.67916667,0.7,JYPE,all,dual
STRIPE82-0035,STRIPE82-0035,STRIPE82,STRIPE82_0035,1:36:23,-0:42:00,24.09583333,-0.7,JYPE,all,dual
STRIPE82-0036,STRIPE82-0036,STRIPE82,STRIPE82_0036,1:36:23,+00:42:00,24.09583333,0.7,JYPE,all,dual
STRIPE82-0037,STRIPE82-0037,STRIPE82,STRIPE82_0037,1:42:03,-0:42:00,25.5125,-0.7,JYPE,all,dual
STRIPE82-0038,STRIPE82-0038,STRIPE82,STRIPE82_0038,1:42:03,+00:42:00,25.5125,0.7,JYPE,all,dual
STRIPE82-0039,STRIPE82-0039,STRIPE82,STRIPE82_0039,1:47:43,-0:42:00,26.92916667,-0.7,JYPE,all,dual
STRIPE82-0040,STRIPE82-0040,STRIPE82,STRIPE82_0040,1:47:43,+00:42:00,26.92916667,0.7,JYPE,all,dual
STRIPE82-0042,STRIPE82-0042,STRIPE82,STRIPE82_0042,1:53:23,+00:42:00,28.34583333,0.7,JYPE,all,dual
STRIPE82-0044,STRIPE82-0044,STRIPE82,STRIPE82_0044,1:59:03,+00:42:00,29.7625,0.7,JYPE,all,dual
STRIPE82-0045,STRIPE82-0045,STRIPE82,STRIPE82_0045,2:04:43,-0:42:00,31.17916667,-0.7,JYPE,all,dual
STRIPE82-0046,STRIPE82-0046,STRIPE82,STRIPE82_0046,2:04:43,+00:42:00,31.17916667,0.7,JYPE,all,dual
STRIPE82-0047,STRIPE82-0047,STRIPE82,STRIPE82_0047,2:10:24,-0:42:00,32.6,-0.7,JYPE,all,dual
STRIPE82-0050,STRIPE82-0050,STRIPE82,STRIPE82_0050,2:16:04,+00:42:00,34.01666667,0.7,JYPE,all,dual
STRIPE82-0051,STRIPE82-0051,STRIPE82,STRIPE82_0051,2:21:44,-0:42:00,35.43333333,-0.7,JYPE,all,dual
STRIPE82-0052,STRIPE82-0052,STRIPE82,STRIPE82_0052,2:21:44,+00:42:00,35.43333333,0.7,JYPE,all,dual
STRIPE82-0053,STRIPE82-0053,STRIPE82,STRIPE82_0053,2:27:24,-0:42:00,36.85,-0.7,JYPE,all,dual
STRIPE82-0057,STRIPE82-0057,STRIPE82,STRIPE82_0057,2:38:44,-0:42:00,39.68333333,-0.7,JYPE,all,dual
STRIPE82-0058,STRIPE82-0058,STRIPE82,STRIPE82_0058,2:38:44,+00:42:00,39.68333333,0.7,JYPE,all,dual
STRIPE82-0059,STRIPE82-0059,STRIPE82,STRIPE82_0059,2:44:25,-0:42:00,41.10416667,-0.7,JYPE,all,dual
STRIPE82-0060,STRIPE82-0060,STRIPE82,STRIPE82_0060,2:44:25,+00:42:00,41.10416667,0.7,JYPE,all,dual
STRIPE82-0062,STRIPE82-0062,STRIPE82,STRIPE82_0062,2:50:05,+00:42:00,42.52083333,0.7,JYPE,all,dual
STRIPE82-0063,STRIPE82-0063,STRIPE82,STRIPE82_0063,2:55:45,-0:42:00,43.9375,-0.7,JYPE,all,dual
STRIPE82-0066,STRIPE82-0066,STRIPE82,STRIPE82_0066,3:01:25,+00:42:00,45.35416667,0.7,JYPE,all,dual
STRIPE82-0068,STRIPE82-0068,STRIPE82,STRIPE82_0068,3:07:05,+00:42:00,46.77083333,0.7,JYPE,all,dual
STRIPE82-0069,STRIPE82-0069,STRIPE82,STRIPE82_0069,3:12:45,-0:42:00,48.1875,-0.7,JYPE,all,dual
STRIPE82-0074,STRIPE82-0074,STRIPE82,STRIPE82_0074,3:24:06,+00:42:00,51.025,0.7,JYPE,all,dual
STRIPE82-0077,STRIPE82-0077,STRIPE82,STRIPE82_0077,3:35:26,-0:42:00,53.85833333,-0.7,JYPE,all,dual
STRIPE82-0078,STRIPE82-0078,STRIPE82,STRIPE82_0078,3:35:26,+00:42:00,53.85833333,0.7,JYPE,all,dual
STRIPE82-0079,STRIPE82-0079,STRIPE82,STRIPE82_0079,3:41:06,-0:42:00,55.275,-0.7,JYPE,all,dual
STRIPE82-0080,STRIPE82-0080,STRIPE82,STRIPE82_0080,3:41:06,+00:42:00,55.275,0.7,JYPE,all,dual
STRIPE82-0081,STRIPE82-0081,STRIPE82,STRIPE82_0081,3:46:46,-0:42:00,56.69166667,-0.7,JYPE,all,dual
STRIPE82-0082,STRIPE82-0082,STRIPE82,STRIPE82_0082,3:46:46,+00:42:00,56.69166667,0.7,JYPE,all,dual
STRIPE82-0083,STRIPE82-0083,STRIPE82,STRIPE82_0083,3:52:26,-0:42:00,58.10833333,-0.7,JYPE,all,dual
STRIPE82-0085,STRIPE82-0085,STRIPE82,STRIPE82_0085,3:58:07,-0:42:00,59.52916667,-0.7,JYPE,all,dual
STRIPE82-0086,STRIPE82-0086,STRIPE82,STRIPE82_0086,3:58:07,+00:42:00,59.52916667,0.7,JYPE,all,dual
STRIPE82-0087,STRIPE82-0087,STRIPE82,STRIPE82_0087,20:01:53,-0:42:00,300.4708333,-0.7,JYPE,all,dual
STRIPE82-0088,STRIPE82-0088,STRIPE82,STRIPE82_0088,20:01:53,+00:42:00,300.4708333,0.7,JYPE,all,dual
STRIPE82-0089,STRIPE82-0089,STRIPE82,STRIPE82_0089,20:07:34,-0:42:00,301.8916667,-0.7,JYPE,all,dual
STRIPE82-0090,STRIPE82-0090,STRIPE82,STRIPE82_0090,20:07:34,+00:42:00,301.8916667,0.7,JYPE,all,dual
STRIPE82-0091,STRIPE82-0091,STRIPE82,STRIPE82_0091,20:13:14,-0:42:00,303.3083333,-0.7,JYPE,all,dual
STRIPE82-0092,STRIPE82-0092,STRIPE82,STRIPE82_0092,20:13:14,+00:42:00,303.3083333,0.7,JYPE,all,dual
STRIPE82-0093,STRIPE82-0093,STRIPE82,STRIPE82_0093,20:18:54,-0:42:00,304.725,-0.7,JYPE,all,dual
STRIPE82-0094,STRIPE82-0094,STRIPE82,STRIPE82_0094,20:18:54,+00:42:00,304.725,0.7,JYPE,all,dual
STRIPE82-0095,STRIPE82-0095,STRIPE82,STRIPE82_0095,20:24:34,-0:42:00,306.1416667,-0.7,JYPE,all,dual
STRIPE82-0099,STRIPE82-0099,STRIPE82,STRIPE82_0099,20:35:54,-0:42:00,308.975,-0.7,JYPE,all,dual
STRIPE82-0101,STRIPE82-0101,STRIPE82,STRIPE82_0101,20:41:34,-0:42:00,310.3916667,-0.7,JYPE,all,dual
STRIPE82-0105,STRIPE82-0105,STRIPE82,STRIPE82_0105,20:52:55,-0:42:00,313.2291667,-0.7,JYPE,all,dual
STRIPE82-0107,STRIPE82-0107,STRIPE82,STRIPE82_0107,20:58:35,-0:42:00,314.6458333,-0.7,JYPE,all,dual
STRIPE82-0108,STRIPE82-0108,STRIPE82,STRIPE82_0108,20:58:35,+00:42:00,314.6458333,0.7,JYPE,all,dual
STRIPE82-0109,STRIPE82-0109,STRIPE82,STRIPE82_0109,21:04:15,-0:42:00,316.0625,-0.7,JYPE,all,dual
STRIPE82-0110,STRIPE82-0110,STRIPE82,STRIPE82_0110,21:04:15,+00:42:00,316.0625,0.7,JYPE,all,dual
STRIPE82-0113,STRIPE82-0113,STRIPE82,STRIPE82_0113,21:15:35,-0:42:00,318.8958333,-0.7,JYPE,all,dual
STRIPE82-0114,STRIPE82-0114,STRIPE82,STRIPE82_0114,21:15:35,+00:42:00,318.8958333,0.7,JYPE,all,dual
STRIPE82-0115,STRIPE82-0115,STRIPE82,STRIPE82_0115,21:21:16,-0:42:00,320.3166667,-0.7,JYPE,all,dual
STRIPE82-0116,STRIPE82-0116,STRIPE82,STRIPE82_0116,21:21:16,+00:42:00,320.3166667,0.7,JYPE,all,dual
STRIPE82-0117,STRIPE82-0117,STRIPE82,STRIPE82_0117,21:26:56,-0:42:00,321.7333333,-0.7,JYPE,all,dual
STRIPE82-0118,STRIPE82-0118,STRIPE82,STRIPE82_0118,21:26:56,+00:42:00,321.7333333,0.7,JYPE,all,dual
STRIPE82-0120,STRIPE82-0120,STRIPE82,STRIPE82_0120,21:32:36,+00:42:00,323.15,0.7,JYPE,all,dual
STRIPE82-0121,STRIPE82-0121,STRIPE82,STRIPE82_0121,21:38:16,-0:42:00,324.5666667,-0.7,JYPE,all,dual
STRIPE82-0123,STRIPE82-0123,STRIPE82,STRIPE82_0123,21:43:56,-0:42:00,325.9833333,-0.7,JYPE,all,dual
STRIPE82-0126,STRIPE82-0126,STRIPE82,STRIPE82_0126,21:49:36,+00:42:00,327.4,0.7,JYPE,all,dual
STRIPE82-0129,STRIPE82-0129,STRIPE82,STRIPE82_0129,22:00:57,-0:42:00,330.2375,-0.7,JYPE,all,dual
STRIPE82-0130,STRIPE82-0130,STRIPE82,STRIPE82_0130,22:00:57,+00:42:00,330.2375,0.7,JYPE,all,dual
STRIPE82-0133,STRIPE82-0133,STRIPE82,STRIPE82_0133,22:12:17,-0:42:00,333.0708333,-0.7,JYPE,all,dual
STRIPE82-0134,STRIPE82-0134,STRIPE82,STRIPE82_0134,22:12:17,+00:42:00,333.0708333,0.7,JYPE,all,dual
STRIPE82-0136,STRIPE82-0136,STRIPE82,STRIPE82_0136,22:17:57,+00:42:00,334.4875,0.7,JYPE,all,dual
STRIPE82-0138,STRIPE82-0138,STRIPE82,STRIPE82_0138,22:23:37,+00:42:00,335.9041667,0.7,JYPE,all,dual
STRIPE82-0141,STRIPE82-0141,STRIPE82,STRIPE82_0141,22:34:58,-0:42:00,338.7416667,-0.7,JYPE,all,dual
STRIPE82-0142,STRIPE82-0142,STRIPE82,STRIPE82_0142,22:34:58,+00:42:00,338.7416667,0.7,JYPE,all,dual
STRIPE82-0143,STRIPE82-0143,STRIPE82,STRIPE82_0143,22:40:38,-0:42:00,340.1583333,-0.7,JYPE,all,dual
STRIPE82-0145,STRIPE82-0145,STRIPE82,STRIPE82_0145,22:46:18,-0:42:00,341.575,-0.7,JYPE,all,dual
STRIPE82-0147,STRIPE82-0147,STRIPE82,STRIPE82_0147,22:51:58,-0:42:00,342.9916667,-0.7,JYPE,all,dual
STRIPE82-0148,STRIPE82-0148,STRIPE82,STRIPE82_0148,22:51:58,+00:42:00,342.9916667,0.7,JYPE,all,dual
STRIPE82-0149,STRIPE82-0149,STRIPE82,STRIPE82_0149,22:57:38,-0:42:00,344.4083333,-0.7,JYPE,all,dual
STRIPE82-0151,STRIPE82-0151,STRIPE82,STRIPE82_0151,23:03:18,-0:42:00,345.825,-0.7,JYPE,all,dual
STRIPE82-0153,STRIPE82-0153,STRIPE82,STRIPE82_0153,23:08:59,-0:42:00,347.2458333,-0.7,JYPE,all,dual
STRIPE82-0155,STRIPE82-0155,STRIPE82,STRIPE82_0155,23:14:39,-0:42:00,348.6625,-0.7,JYPE,all,dual
STRIPE82-0157,STRIPE82-0157,STRIPE82,STRIPE82_0157,23:20:19,-0:42:00,350.0791667,-0.7,JYPE,all,dual
STRIPE82-0158,STRIPE82-0158,STRIPE82,STRIPE82_0158,23:20:19,+00:42:00,350.0791667,0.7,JYPE,all,dual
STRIPE82-0159,STRIPE82-0159,STRIPE82,STRIPE82_0159,23:25:59,-0:42:00,351.4958333,-0.7,JYPE,all,dual
STRIPE82-0160,STRIPE82-0160,STRIPE82,STRIPE82_0160,23:25:59,+00:42:00,351.4958333,0.7,JYPE,all,dual
STRIPE82-0162,STRIPE82-0162,STRIPE82,STRIPE82_0162,23:31:39,+00:42:00,352.9125,0.7,JYPE,all,dual
STRIPE82-0163,STRIPE82-0163,STRIPE82,STRIPE82_0163,23:37:19,-0:42:00,354.3291667,-0.7,JYPE,all,dual
STRIPE82-0165,STRIPE82-0165,STRIPE82,STRIPE82_0165,23:43:00,-0:42:00,355.75,-0.7,JYPE,all,dual
STRIPE82-0167,STRIPE82-0167,STRIPE82,STRIPE82_0167,23:48:40,-0:42:00,357.1666667,-0.7,JYPE,all,dual
STRIPE82-0169,STRIPE82-0169,STRIPE82,STRIPE82_0169,23:54:20,-0:42:00,358.5833333,-0.7,JYPE,all,dual
